duc|3
urg|2
frig|2
dura|1
horr|1
di-|7
as-|3
-ian|5
stato-|1
laz|1
phos|1
caval|2
choano-|1
eigen-|1
mix|2
dexter|1
helio|1
rrhage|1
valu|1
orn|2
onycho-|1
emul|1
join|2
pluto|1
reg|3
chant|2
cupro|1
swer|1
cel|2
il-|5
nega-|1
-art|1
grand|2
search|1
-nik|1
cura|1
megalo|1
rhizo|1
auth|1
egor|1
flict|2
gin|1
male-|1
fortun|3
-acle|2
land|1
saf|1
xanth|1
creet|2
scent|1
men|2
polit|3
atto-|1
oleum|1
presby|1
arseno-|1
athl|1
div|1
nos|1
urin|1
wat|1
rad|3
val|3
histo-|1
flat|2
oesophago-|1
porno-|1
vesico-|1
taph|2
-petal|1
coll|1
hib|1
mas|1
nym|1
anim|2
taint|1
gamy|1
lap|1
cur|4
-ry|6
pluri-|1
esthes|1
hedron|1
hept-|1
pledg|1
propr|1
ric-|1
mut|2
-tropic|1
undeca-|2
y-|1
mach|1
mill|1
nitr|1
rit|1
cine-|1
mangano-|1
ardu|1
ev-|1
hemat|1
stom|1
glori|1
lith|2
magist|2
mono-|4
-stat|1
fisc|2
lude|1
rug|1
medi|3
hema|1
las|1
stak|1
volcan|1
hilar|2
trop|3
adeno-|1
stomato-|1
sponse|1
found|4
chrono-|1
labo|1
san|1
tip|1
fic|4
pall|2
vitelli-|1
franch|1
swif|1
calci-|1
Gallo-|1
-ition|3
count|2
met-|1
o-|1
stitu|1
-lysis|1
el-|1
etho|1
stroph|1
bathy-|1
brac|1
past|3
stem|1
niv|1
tep|1
-iasis|1
asco-|1
xylo-|1
ort|2
cede|1
vulg|2
-gon|1
prag|1
muco-|1
boist|1
simpl|1
fur|2
glut|1
quadru-|2
civi|1
hydro|1
kinemat|1
mell|1
mount|2
stress|2
monstr|2
odont|1
cret|6
thes|2
un-|5
-ida|1
quinti-|2
aus|1
calor|1
mega-|3
-let|3
cyc|1
shor|1
ac|2
e-|5
prav|1
fabl|1
ming|1
-tious|1
-ulous|1
turg|2
-therm|1
pap|1
celer|2
sinistro-|1
cumbr|1
-nomy|2
nona-|2
-style|2
calcul|1
integr|2
sumpt|3
surg|2
hous|1
-pulse|1
adreno-|1
-faction|3
necro-|1
form|3
-sy|1
hom-|1
wid|1
it|3
vert|3
-odontics|1
meter|2
bey|1
certi|1
chir|1
foli|2
lect|4
struct|3
-est|3
aer|1
api|1
somno|1
phas|2
plus|2
-tic|3
macro-|4
band|1
ef-|4
tut|2
karyo-|1
ptero-|1
chapt|1
insul|2
bromo-|1
extr-|1
pop|1
ras|2
entomo-|1
sag|2
sym-|3
spectr|1
sume|1
-ness|4
over-|6
ting|3
bow|1
strea|1
Hispano-|1
ceas|1
laps|1
shov|1
stim|1
grat|3
impet|1
-itious|4
-plasm|2
retino-|1
-uncle|1
bla|1
hibern|1
labour|1
pilf|1
chas|1
pher|1
tinct|2
prime|1
skep|1
tauto|1
fract|2
her|2
tast|1
amic|1
leng|1
shav|1
sarco-|1
bor|1
-cian|1
esc|1
rig|2
trem|2
triev|1
imper|3
path|3
stig|2
seismo-|1
thrombo-|1
harv|1
licen|1
sumptu|1
gest|3
nov|2
chaeto-|1
mong|1
sto|1
dors|2
ed|2
nau|2
rept|1
-tome|1
quin-|1
plo|2
lang|1
tic|1
dis-|5
sn|1
-ptera|1
tubo-|1
tack|1
nuncil|1
qua|1
smok|1
plac|2
paleo-|1
pale|1
radic|2
hecto-|3
haught|1
ide|1
juv|1
nutri|1
-gony|1
-ped|1
cem|1
negat|1
acid|1
sphero-|1
un|2
bul|1
geth|1
gos|1
-ific|1
scend|2
rhino-|1
regn|1
-a|5
-dom|4
lig|4
oxy-|2
pterido-|1
latis|1
-on|5
pico-|1
coct|1
contra-|4
galax|1
neigh|1
soci|2
rhiz-|1
scrap|1
pecc|2
tail|2
foll|1
sine-|1
curs|3
prot-|2
acaro-|1
holo-|3
metro-|4
levo|1
neut|1
felic|2
brack|1
cour|3
flig|1
temporo-|1
ste|1
dactylo-|1
dehydro-|1
stanno-|1
salt|1
pock|1
super-|5
actino-|1
macr|1
hom|3
hygro-|2
gigant|2
stylo|1
non-|4
with-|3
giga|1
haemat|1
obed|1
poe|1
roga|1
cant|3
-ure|4
vort|1
fus|3
hod|2
riv|2
serv|4
vis|2
-orama|1
capt|3
flag|1
matri|1
thum|1
dem|2
lit|1
opin|2
-logical|2
nocti-|1
bond|1
-ant|6
liqu|3
trans-|5
hylo-|1
poss|2
emper|2
oligo|1
pud|2
red-|2
diplo-|1
-smith|1
fe|1
rav|2
entero-|1
myria-|1
machin|2
mal|2
Anglo-|1
allo|1
copi|1
femto|1
nupt|1
strid|1
-graphy|2
piezo-|1
cmul|1
crystall|1
nomen|1
omphal|1
tamin|1
sanguin|2
techn|2
femto-|1
n-|2
bil|1
cow|1
guar|1
maha|1
ambul|2
ep-|2
-culture|1
grac|3
mne|1
fascio-|1
poro-|1
sidero-|1
legis|2
angu|1
aristo|1
agog|2
-dactyly|1
syndesmo-|1
chans|2
str|1
metr|4
arterio-|1
quiet|2
tap|1
a-|6
prol|2
stas|2
pat|2
place|1
cu|1
cuis|1
pla|1
the|2
ombro-|2
schizo-|1
bryo|1
und|2
nudi-|1
irr|1
leg|5
purg|2
tetano-|1
coast|1
clen|1
del|1
-aire|3
own|1
spirat|1
in-|8
plas|2
ros|2
fibrino-|1
sip|1
pover|2
thermo-|1
quis|2
glac|1
onom|1
overt|1
-ide|2
phlebo-|1
recti-|1
angl|1
cyte|1
xylo|1
angio-|1
pygo-|1
roma|1
fy|1
mil|1
ophio|1
penn|1
selen|1
ambi-|3
null|2
ple|4
-ana|1
chili-|2
turbo-|1
ur-|1
pans|2
sing|1
clemenc|1
phon|3
-aceae|2
visuo-|1
cite|2
piec|1
fin|3
cross-|1
-derma|1
camb|1
pedi|1
sito|1
figur|2
musculo-|1
bever|1
curv|1
sev|1
vour|1
tot|2
dacryo-|1
risi|1
aqua-|1
aeg|1
hypno|1
lubr|1
num|1
sens|2
-ship|4
cla|1
tem|1
thusi|1
-ase|1
myrmeco-|1
-ode|2
pater|1
-wick|1
flu|3
pass|4
-een|2
albumo|1
cruis|2
draft|1
orbit|1
rostr|1
stereo|1
-eur|4
acrylo-|1
papillo-|1
hast|1
hend|1
ph|1
ego|2
fict|2
glomerat|1
tir|2
umb|1
-an|3
pent|2
-ie|2
asthm|1
bibli|1
-itous|1
preci|3
up-|2
tra|1
bi|1
chloro|1
dog|1
ot|1
crypt|1
mal-|3
cep|2
hydra|1
concil|1
op|2
cher|1
sug-|1
frater|1
rheo|1
joc|2
-ty|5
bit|1
pus|1
stagn|1
abol|2
pen|2
spat|1
acro-|2
fens|2
dogma|1
-fication|3
indo-|1
-berg|1
gluteo-|1
jur|3
peri-|4
nu|1
triv|1
matri-|1
isol|1
spl|1
lipo-|1
stego-|1
aestiv|1
atm|1
sli|1
solu|2
aux|1
ichthy|1
-therapy|1
exig|1
st|2
weigh|1
sicc|1
trai|1
robor|2
iso-|3
poikilo-|1
odyn|1
-ther|1
lips|2
locut|3
placo-|1
arthr|2
-ute|1
-decker|1
neutro-|1
fed|1
memb|1
fulg|2
hum|3
-agra|1
patri-|1
ply|3
oxia|1
pept|1
pr-|1
cis|2
enantio-|1
ischio-|1
lign|1
mord|1
oll|1
polic|2
idio|1
muni|1
chron|2
-polis|1
nepot|1
phant|1
capit|3
quest|3
vid|2
falc-|1
-kin|3
-ism|12
os|1
parti|1
arch|4
hepato-|1
-our|2
all|2
celib|1
stern|1
corp|2
-esce|3
ex-|7
cteno-|1
tel|1
journ|3
ganglio-|1
amb-|2
milli-|3
brace|1
cam|1
veal|1
cru|1
kines|1
syl-|1
tremb|1
intellig|1
-acious|4
hing|1
chrom|2
dextr|2
man|5
-acusis|1
tauto-|1
sti|2
-ress|3
gas|1
pond|1
me|2
pred|2
peat|2
may|1
panto-|1
spond|2
aph|1
bard|1
sig|1
snor|1
myelo-|1
pyloro-|1
ultra-|4
crep|2
tribu|1
cay|1
lop|1
ne-|1
noo-|1
psycho-|1
rac|1
fig|2
liber|2
flux|2
of-|1
vesic|1
pecuni|1
prop|2
rar|3
volunt|2
-phoresis|1
pl|1
rust|1
wir|1
clar|3
decor|1
ceto-|1
-gnomy|1
vitro-|1
-vore|1
myc|1
merit|2
piqu|1
rect|3
tri-|4
-cyte|1
stibo-|1
pay|2
-ier|4
-ploid|1
podo-|1
doc|3
febri-|1
-idium|1
sulpha-|1
cryo|1
herb|1
alt|2
ure-|1
dang|1
fun|1
proter-|1
sla|1
-lect|1
cintamin|1
orna|1
poster|1
vet|1
-tonia|1
gr|1
quadr-|1
glosso-|1
mammo-|1
albo|1
frang|1
can|2
arachno-|1
haplo-|1
-plasma|1
anthropo-|1
strati-|1
wis|1
patho-|1
-phagy|1
-aneity|2
cro|1
culin|1
nex|3
blasto-|1
atp|1
chival|1
moni|1
punc|1
-wards|1
mania|2
baro|1
waiv|1
mak|1
thef|1
austr|1
-meal|1
sub-|5
-lite|1
meningo-|1
finit|1
-itude|3
pugn|2
-yne|1
-fold|3
-gonium|1
radio-|3
-ture|3
fl|1
quart|1
ir-|4
memor|3
mens|3
noci-|1
nor-|1
phet|1
fals|1
nect|3
semei|1
-androus|1
crus|2
febri|1
hones|1
orama|1
luv|2
cephalo-|1
just|1
kinet|1
pecu|1
thir|1
phaeo-|1
frequen|1
fi|2
xero|1
situ|1
chor|1
diabol|1
-nd|1
cap|4
nat|3
pleo-|1
cris|2
adjut|1
die|1
dia-|4
migr|3
scrib|3
eco-|1
feel|1
curt|1
nonadeca-|1
patch|1
ar-|3
-ess|3
oto-|1
-trophic|1
fruct|1
plur|1
organo-|1
hang|1
creas|1
pto|1
jet|3
eem|1
mech|1
indic|1
sper|2
dictyo-|1
cub|1
mall|1
haust|2
wif|1
-ly|5
sup-|3
scapho-|1
metro|1
bron|1
caut|3
fili|2
opto-|1
-ery|5
intro-|4
-ellum|1
luteo-|1
rachi-|1
genu|1
imit|3
osmo-|1
amen|1
har|1
-ibly|1
recti|1
blepharo-|1
sculpt|1
intel-|1
-athon|1
archa|2
clos|2
agri|1
hop|1
nour|1
hort|2
-ish|9
post-|5
-meter|1
parieto-|1
locu|1
styl|1
pachy-|1
fud|1
sphere|1
-ory|7
person|2
stin|2
cyt|1
lapil|1
-opia|1
velop|2
-esque|3
sterno-|1
mnes|2
remedi|1
stereo-|3
wan|2
-sterone|1
-en|10
Germano-|1
splend|2
penta-|3
auster|1
pachy|1
zyg|1
-and|3
semio-|1
heal|1
schiz|1
temn|1
vin|2
trocho-|1
potam|1
ankylo-|1
physo-|1
scapulo-|1
optim|2
andro|1
dorm|1
fri|1
alg|2
anxi|2
osteo-|1
brad|1
hus|1
segn|1
sull|1
-agogue|1
citr|1
anthraco-|1
-mycin|1
cord|2
-fer|1
sati|1
liter|3
-ics|3
reticulo-|1
heav|1
demo-|1
postero-|1
sacro-|1
graph|3
oxy|3
-i|2
bar|3
gister|1
mea|1
nunci|1
wr|1
hor|3
sauc|1
dracon|1
lud|2
-pagus|1
freeze|1
host|2
aero|1
teg|3
ode|1
feit|2
oram|2
afore-|1
icono-|1
ge-|1
gret|1
empt|2
luxur|1
vac|3
lepto-|1
hono|1
chand|1
regul|1
dic|3
docu-|1
derma|1
stead|1
viv|3
tricho-|1
allel|1
bathy|1
end|1
faith|1
gon|1
olfact|1
rhe|1
dino-|1
-plegia|1
-plex|1
dynam|1
pter|1
sul|1
ject|2
los|1
obsol|1
vult|1
mis-|5
sal|4
somato-|1
-spore|1
viscero-|1
vain|1
priz|2
plod|2
sua|1
viru|1
sem|2
oo|1
fend|3
ordin|2
lec|1
bon|1
zetta-|1
bin-|1
dai|1
econom|1
juxta-|3
lide|1
spars|1
kine|2
balo|1
chemico|1
sl|1
stam|1
ut-|1
midi-|1
semi-|3
lingu|2
arist-|1
griev|1
rrhea|1
hor-|1
order|2
-ite|8
Italo-|1
-phore|1
scoto-|1
weav|1
whi|1
taxo-|1
fiv|1
es|1
acousto-|1
jacul|1
andro-|1
cryo-|1
vini-|1
-ety|2
demo|1
demn|3
urino-|1
gemm|1
mult-|1
vicin|1
colpo-|1
bod|1
ebri|1
hyeto-|1
mascul|1
-idine|1
princip|1
bri|1
epi-|4
mend|3
-ectomy|1
myo-|1
argu|1
caul|1
glomer|1
-ard|3
fluvio-|1
celebr|2
feder|2
d-|1
dextro|1
emet|1
vad|2
xeno|1
febr|2
ichthyo-|1
etymo|1
gain|1
quarant|1
wint|1
-ate|9
at-|3
telo-|1
chrys|1
lab|1
specul|1
clot|1
chiro|1
cirr|1
doub|1
loos|1
shak|1
skept|2
eth-|1
tele|2
cust|1
plagi|1
aw|1
peps|1
tabl|2
croch|1
mant|1
plais|2
-facient|1
blaz|1
crepit|1
-scape|2
spheno-|1
gener|2
bur|1
hens|1
satur|2
aem|1
anci-|1
graf|1
strato|1
bacterio-|1
sino-|2
rub|2
derm|1
leth|1
nihil|2
-gynous|1
buf|1
phosph|1
quire|1
sublim|1
vex|1
vibro-|1
len|1
paht|1
corn|2
-penia|1
-ity|4
-archy|1
spi|2
gor|1
sc|1
ultim|2
creat|1
pom|1
mers|3
-like|2
cr|1
viro|1
ter-|2
aren|1
-is|1
amat|2
bys|1
ceipt|1
signi|1
civ|3
chemo-|1
-itol|1
osteo|1
reig|1
judic|2
ponder|1
ver|3
masto-|1
-phone|2
rhodo-|1
cog|1
sab|1
-odont|1
poli|1
-ptosis|1
seps|1
stu|1
mun|3
vir|2
cran|1
oss|1
tegr|1
turn|1
fiss|2
tempt|3
arbori-|1
term|2
fort|3
rud|3
-opsy|1
trep|1
ceit|2
-os|1
-asis|1
-gerous|1
mesio-|1
auct|1
mobil|1
pli|4
re|1
-tard|1
-efy|1
ophi|1
agr|2
plano-|1
-acea|2
cardio-|1
quie|1
rob|1
feal|1
cav|3
com-|5
meta-|4
-ac|1
naus|1
af-|3
brady-|1
cri|1
liv|1
orat|1
luct|2
mot|3
quiesc|1
mark|2
whe|1
seg|2
gluc|1
car|3
cor-|3
putr|2
quir|3
chloro-|1
let|1
laryng|1
proli|1
sak|1
pre-|4
quasi-|3
sous-|1
countrer-|1
gog|1
sinu|1
syn-|4
jubil|1
occipito-|1
aquil|1
chro|1
lut|2
ward|1
altr|1
hec|1
octav-|1
pur|1
-hood|3
myst|2
lex|2
sch|2
vict|2
aqu|1
bon-|1
furc|1
scler|1
dat|2
trito-|1
volve|1
an-|5
gent|3
pact|2
per-|6
priv|2
abdomino-|1
stitute|1
tend|3
vic|2
-biosis|1
spini-|1
archy|1
egot|1
fix|2
tort|3
-kinesis|1
tach|2
pens|2
lumbo-|1
-ical|2
sanit|1
splanchno-|1
fusc|1
ox|1
funct|2
erythro-|1
pag|1
proper|1
virg|1
min|4
nigri|1
paci|1
spleno-|1
lumb|1
cycl|3
miss|3
cre|3
nas|1
petit|1
-ual|1
apo-|4
neuro|1
orth|1
son|2
-eme|1
bund|1
soror|1
-ette|4
-i-|2
crypto-|1
day|1
merge|1
sleev|1
naut|2
entomo|1
fing|1
sangu|1
vuln|1
agon|2
-ese|2
borough|1
gladi|1
vow|1
-logist|2
-morph|1
arm|1
escal|1
maci|2
labio-|1
meso-|1
cyclo|1
wad|1
strict|3
phras|2
strang|2
-iency|1
mug|1
oscul|1
medl|2
embryo-|1
keto-|1
tera-|1
yt|1
eccles|1
pith|1
vey|2
hydro-|2
squamo-|1
-asm|1
-etta|1
gemin|1
lustr|2
ol|2
solv|3
-formes|1
ligno-|1
petro-|1
astr|2
dulc|1
junc|1
propiti|1
deci-|3
-ware|1
veget|1
sert|3
hemato|1
scens|1
nutr|2
sorb|1
grand-|1
pleb|1
con-|4
sesqui-|2
fabr|1
frug|1
thund|1
-esis|2
prem|2
volt|2
cac|1
pyro|1
mod|3
tus|2
hagio-|1
imido-|1
bak|1
coars|1
cric|1
hel|1
hydr|1
logu|1
maz|1
phobia|1
onto-|1
procto-|1
topo-|1
cast|2
carv|1
lacto|1
parl|3
caco-|2
-hedron|1
caric|1
therm-|1
naphtho-|1
naso-|1
silico-|1
cogit|1
fant|1
patri|1
scan|1
syst|1
possess|1
kinesio-|1
rhizo-|1
pelag|1
ac-|3
bat|2
-ene|3
quo|1
bacill-|1
-gnosis|1
apic|1
jan|1
sur-|6
-ically|1
-person|1
mud|1
ag-|3
ord|3
tedi|1
gam|1
toxi-|1
real|2
vulcan|1
crat|2
quisit|2
meno-|1
cinct|1
pict|3
tribo-|1
zygo-|1
colon|2
esthet|1
mucil|1
terg|1
uls|1
lax|3
terato-|1
spher|2
counter-|4
hippo-|1
mancy|1
asper|2
ess|3
log|3
chondro-|1
hygi|1
cess|3
preter-|2
octa-|2
duit|1
petr|1
trepid|2
vant|2
crystallo-|1
eas|1
muscul|1
whol|1
geist|1
mors|3
politic|1
somat|2
ult|2
pene-|1
retro-|4
tauro-|1
drama|1
somn|2
Christo-|1
tracheo-|1
kitch|1
wol|1
sacr|2
-teen|2
zymo-|1
low|1
pec|1
al-|2
major|1
-osmia|1
utop|1
athero-|1
centi-|2
-glossia|1
proso-|1
therio-|1
clandestin|1
fric|1
oint|2
-ola|1
maj|2
bu|1
-ete|1
-lence|1
luc|2
norm|3
am|3
plic|3
pol|3
sid|3
-itis|2
lun|1
lux|1
jac|2
sove-|1
calam|1
calend|1
judice|1
pal|1
nom|3
scop|2
summ|2
denti-|1
-ella|2
calori|1
-ass|1
close|1
bol|3
blan|1
tran|1
est|2
crue|1
-ities|1
paleo|1
spair|1
-ency|3
brachio-|1
-dox|1
phylo-|2
wor|1
eroto-|1
facio-|1
seri|1
pico|1
sim-|1
Russo-|1
-wise|4
cosmo|1
idol|2
pan|3
ger|3
dut|1
antiq|1
pris|2
-ium|2
-phrenia|1
tla|1
-uret|1
mater|3
anth|1
call|1
lip|1
ren-|1
-rium|1
cysto-|1
lopho-|1
tropho-|1
-urgy|1
salut|1
quer|3
rest|2
partheno-|1
bath|1
ju|1
strophe|1
voy|1
merc|2
adip|1
angust|1
glyc|1
physi|1
scap|1
duct|3
lus|2
fa|1
leon|1
por|1
thyro-|1
sit|2
cari|1
galact|1
-ling|4
vestig|2
bili-|1
mat|2
cl|1
nomin|1
-escent|2
dicho-|1
caps|1
pusill|1
ob-|6
geo-|1
-zoon|1
-ysm|1
-ile|5
op-|2
suc-|3
treat|3
giga-|1
glacio-|1
ovario-|1
phyl|1
-arity|1
divid|3
-delic|1
mag|1
-ously|1
rans-|1
ciph|1
-nasty|1
langu|2
tim|2
encephalo-|1
cure|1
-es|1
som|1
spons|1
crea|1
sie|1
torm|1
branchio-|1
remn|1
grav|2
monstrat|1
alacr|1
dou|1
bell|2
ge|1
plex|4
pn|1
ben|1
bosc|1
human|2
sembl|3
teleo-|1
hemi-|3
hyalo-|1
geo|1
initi|1
nitro|1
petri|1
slout|1
fut|3
pos|4
basidio-|1
-cene|1
-soever|1
unnil-|1
ambl|1
biblio|1
verb|3
-melia|1
pycno-|1
mir|1
obliv|2
pin|1
-tomy|2
throne|1
bas|3
mon|3
pinni-|1
-ways|2
forc|2
limin|3
text|2
-algia|2
-x|1
cathol|1
guer|1
nutrit|1
pulchr|1
trich-|1
acerb|2
pract|2
oligo-|1
therm|1
peta-|1
driv|1
thriv|1
micro-|4
sist|3
cyto-|1
peac|1
phall|1
hospit|3
Judaeo-|1
fra|1
-ose|5
ophio-|1
-phobe|1
arch-|3
mand|3
-o-|2
glyco-|1
hind-|1
-lent|2
-ial|2
-ot|1
fortu|1
loung|1
veri|1
secr|2
sent|4
-aceous|3
flavo-|1
thet|1
invid|1
arthro-|1
-phyll|1
rhyncho-|1
lot|1
later|2
melano-|1
flau|1
oculo|1
skir|1
stit|1
centr|3
nounc|3
att|2
coc|2
-ize|4
thalamo-|1
alex|1
gynaeco|1
urgy|1
id|1
noc|3
pharyngo-|1
pisci-|1
cranio|1
ghbour|1
tongu|1
lieu|1
roentgeno-|1
deris|1
surrect|2
-ern|3
ideo-|1
oculo-|1
gni|1
la|1
pregn|2
seti-|1
odi|1
-fid|1
palato-|1
cleav|1
marc|1
dress|2
rat|3
-aholic|1
force|1
-long|1
sclero|1
stab|1
pod|3
pold|1
antero-|1
altru|1
far|1
cent|5
clair|3
-technics|1
arithm|1
para-|7
vacu|2
atr|1
lem|1
stann|1
cryph|1
-less|4
pan-|4
aceto-|1
agogue|1
phren|1
wiz|1
fect|2
anch|1
aug|1
spers|2
Euro-|1
-lith|1
fila|1
merg|3
-onym|1
leuk|1
chromo-|1
moc|1
spermat|1
aniso-|1
homeo-|1
-ploitation|1
synchro-|1
barbar|1
bibl-|1
hier-|1
rid|3
-ferous|1
pedo-|1
-th|4
mercapto-|1
net|1
sext-|1
sum|3
loft|1
-wich|1
firm|3
immuno-|1
lup|1
mort|3
nud|1
spong|1
sw|1
-cardium|1
neur|3
potent|2
ergo-|1
natro-|1
i-|1
dendr|1
theo|1
ethoxy-|1
hexa-|3
lepido-|1
chromat|1
lau|1
peas|1
ig-|2
-colous|1
lecitho-|1
pathy|2
dos|2
pig|1
loc|3
ram|1
-ane|4
hepat-|1
scoi|1
-enne|3
mini-|2
-ular|2
chame|1
olig|1
ston|1
uter|1
bi-|4
-s|4
tempor|2
cyano-|1
-glot|1
-ician|2
carstin|1
tuit|1
clim|2
exempl|1
sed|3
spir|2
prin|2
paed|1
ev|2
posit|2
secut|3
spous|2
prop-|1
swall|1
sen|2
hur|1
pont|1
marg|2
latitud|1
blo|1
phag|1
dox|2
areo-|1
methoxy-|1
fath|1
dol|2
typ|3
vener|1
eury-|1
-ont|1
glob|2
ano|1
orches|1
here|1
hypn|1
-nce|1
void|3
clado-|1
gyro-|1
nepho-|2
platy-|1
coun-|1
muc|1
-itic|2
twi-|2
carp|1
righ|1
-ed|4
pseud-|2
cupro-|1
tarso-|1
arthro|1
gra|1
gyro|1
vaso|1
ampl|2
lic|2
tour|3
-anthropy|1
lyr|1
scor|1
dys-|3
femoro-|1
kerato-|1
lay|1
mendic|1
nounce|1
xyl|1
visc|2
demi-|3
franken-|1
-ol|1
nano|1
chast|2
equi-|2
feat|2
hiero-|1
kilo-|3
fice|1
letter|1
vect|2
nemato-|1
sangui-|1
viol|2
cin|1
ite|1
port|4
bel|1
moment|1
temper|3
fasc|1
chef|1
bac|1
sanct|2
egyr|1
filt|1
fluct|1
gard|1
mes|1
tres-|1
rupt|3
tin|3
bronch|1
ori|2
bili|1
phat|1
lict|2
govern|1
leag|2
copro-|1
tympano-|1
fert|1
fide|1
pisc|1
xipho|1
spermato-|1
-trichous|1
puer|1
tacho|1
clino-|1
sept|1
wors|1
endo-|3
mov|3
nitro-|1
combus|1
sourc|1
Indo-|1
-megaly|1
cise|1
porc|1
scut|1
delt|1
pneum|1
arbitr|2
vot|2
malaco-|1
ceram|1
-t|1
misc|3
astro-|1
-chrome|1
thoraco-|1
cheir|1
flav|1
rachi|1
rom|1
-ist|5
pyo-|1
-fier|2
facil|1
pen-|3
sort|2
uretero-|1
strik|1
eu-|4
magnet|1
hypo-|4
presby-|1
member|1
mer|1
nugator|1
spr|1
poly-|4
prob|2
ovi-|1
cend|1
-elle|1
sur|2
fea|1
hosp|1
-ister|1
pisci|1
verd|2
carbo-|1
narco-|1
coron|1
iatro-|1
pterygo-|1
saccharo-|1
-saur|1
ferro|1
pad|1
phob|1
quad|1
rapt|1
digiti-|1
-phyceae|1
popul|2
clys|1
oct-|1
-carp|1
iodo-|1
xero-|1
dict|3
gel|1
mill-|1
glom|1
miser|2
qual|3
lapi|1
boro-|1
chole-|1
mechano-|1
octo-|2
sex-|2
conch|1
tors|1
col-|3
veng|2
volum|1
-phyte|2
circu-|1
lep|1
vast|2
gno|2
oxic|1
cognis|1
-sman|1
caud|2
myringo-|1
ethn|1
fen|1
lif|1
mero-|1
mari|1
-ade|5
is-|1
quar|1
al|2
icos-|1
schol|1
co-|3
ample|1
mar|1
retic|1
rank|1
dent|1
maun|1
po|1
su-|1
sign|3
-fied|1
giv|1
vermi|1
pyro-|1
tele-|2
flot|1
sud|1
demon|1
ordain|1
eco|2
avar|1
grop|1
verg|2
damn|2
-ality|2
pleas|1
ecto-|2
march|1
erebr|1
-ior|4
plumb|1
fibro-|1
honor|1
ceal|1
iqu|2
dig|1
haws|1
secu|1
ump|1
qu|1
dorsi-|1
gen|4
limno-|1
sting|2
-eal|1
bio|2
quaint|3
uber-|1
mac|1
megal|1
-form|2
medio-|1
hol|1
sy-|1
urethro-|1
ploy|2
uni-|4
salpingo-|1
simsem|1
char|2
rage|1
cup|3
paedo-|1
doct|2
cli|2
archae|1
cest|1
murd|1
sif|1
simul|3
vinc|3
fec|2
duo-|2
-mancy|1
ov|1
pudi|1
herit|2
gist|1
cat-|1
junct|2
pon|3
-cade|2
chondr|1
scope|1
neo-|4
maxillo-|1
sebo-|1
sulf|1
vita|1
Brit-|1
marin|1
ocul|1
thermo|1
gynaeco-|1
ptyalo-|1
-tron|2
flec|1
right|1
conn|1
-oma|2
satis|2
cause|1
lyst|1
scul|1
lin|2
plaud|3
tact|3
miso-|2
-it|2
-iatry|1
plut|1
rhod-|1
fer|4
flagell|1
fung|1
ferro-|1
col|1
-amin|1
divin|1
liev|1
dif-|3
vulvo-|1
extrem|1
-flop|1
vermi-|1
charg|1
truct|1
prud|1
-taxis|1
-el|2
par-|1
spect|3
polio-|1
esse|1
-ivity|2
phage|1
ante-|4
fund|4
-enchyma|1
gravi-|1
pain|1
fost|1
-age|7
seren|1
-sol|1
harmon|1
enigm|1
equi|1
rous|1
ornitho-|1
oce|1
bry|1
wak|1
-oic|1
phallo-|1
supra-|3
brut|1
dam|1
dulg|1
furt|1
trad|1
-istic|3
suf-|3
mixt|1
gred|2
-proof|2
dr|1
ubiqu|1
-arian|3
tent|5
sapro-|1
acu|1
mnem|1
cult|3
fav|2
mel|3
pilo-|1
incip|1
lib|1
famil|1
dolicho-|1
cylind|1
pinn|1
prox|1
sav|2
em|1
chryso-|1
uti|2
fungi-|1
for|2
-ain|2
copul|1
lumin|2
sump|1
exper|1
nerv|3
thallo-|1
stip|1
chart|2
prec|2
-uria|1
gurg|1
hid|1
silv|1
cumb|2
mit|3
put|3
ally|1
-lock|1
squ|1
eo-|2
geronto-|1
-onychia|1
dento|1
etr|1
serr|1
cours|2
-ient|1
pyr|1
clin|3
scrut|2
jud|2
turbul|1
lief|1
stif|1
eg|2
galvano-|1
arter|1
all-|1
cal|3
matr|3
scypho-|1
tourn|2
vorc|1
centri|1
fug|2
haemo-|1
phono-|1
Serbo-|1
-ster|3
jus|2
merse|1
-lagnia|1
magneto-|1
thaumato-|1
eig|1
obes|1
clam|3
-idae|2
-icular|1
-bacter|1
coelo-|1
crux|1
saint|1
spri|1
pun|3
per|1
mon-|1
inter-|4
Franco-|1
nomo-|1
ulno-|1
helic|2
torn|2
auri-|1
fu|1
seric|1
long|2
cheli-|1
gol|1
live|1
nic|2
string|3
loqu|3
nuc|1
fet|2
-ible|3
-eth|2
-ic|7
-osis|3
-im|1
-monas|1
cinemat|1
ivor|1
sphygm|1
gonio-|1
visco-|1
botan|1
oneir|1
pha|1
tui|1
ten|3
obsolet|1
auto|1
quinqu-|1
scien|1
scind|1
-mania|1
-monger|2
under-|5
cerebr|1
cracy|1
uran|1
pet|3
steno|1
cand|2
view|1
-ae|2
-naut|1
agap|1
atmo|1
linq|1
psych|1
vaga|1
eka-|1
pharmac|1
preda|1
sarc|1
fact|2
adipo-|1
desmo-|1
-fuge|1
-pathy|1
zo|2
fuge|1
sus-|3
ball|2
gastr|1
mess|1
cresc|3
-ice|5
-ution|1
odor|1
quot|1
vol|4
-metropia|1
fess|2
jour|1
tam|1
flam|3
them|1
nycto-|1
anthrac|1
gnant|1
mous|1
ortho|1
cas|3
-orium|3
ops|2
-ally|1
solut|3
vap|2
jew|1
auxili|1
dext|1
fian|1
-latry|1
-manship|1
camp|2
ventr|1
-able|4
morph|2
phil|2
sci|3
-ce|1
fes|1
gnath|1
negr|1
putat|1
lion|1
libr|1
streng|1
itiner|1
hoars|1
hug|1
volu|1
palin-|1
quadri-|3
vaso-|1
gastro|1
sor|1
trideca-|1
vulse|1
semin|2
amphi-|3
advant|2
es-|1
plum|1
veloc|1
spic|3
tom|2
audio-|1
-yl|2
chem|2
mastic|1
cept|3
tribut|3
calc|1
tire|1
dy-|1
juris|1
nurt|1
pret|1
caust|2
pro-|8
phago-|1
cupr|1
dil-|1
hagi|1
flect|2
vari|2
dynamo-|1
auth-|1
lug|1
sopr-|1
trib|1
Malayo-|1
oleo-|1
词根词缀|1
cuse|1
acr|2
cogn|3
par|7
juven|2
suav|2
-pod|1
fros|1
frag|2
staphylo-|1
chlor|1
stall|1
plat|2
sibil|2
anx|1
vacc|1
chil|1
etym|1
pedo|1
pu|1
art|3
prehens|2
termin|3
normo-|1
-e|1
fid|3
vibr|2
bid|1
photo|1
septim-|1
nupti|1
acet|1
libert|1
-onic|1
fruit|1
thalasso-|1
phys|2
dama|1
ceiv|3
oc-|2
asin|1
cut|1
dex|1
cyn|2
oneiro-|1
sono-|1
-sphere|1
jok|1
ophthalm-|1
tum|2
glut-|1
pleuro-|1
feas|2
trunc|1
main|2
domit|1
di|3
hes|2
biblio-|1
cirro-|1
mob|2
lass|1
muscl|1
shap|1
out-|4
ole|1
ign|2
magni-|1
gnos|1
nur|1
varic|1
xen|1
culp|2
erg|3
homo-|5
vindic|1
-in|2
philo-|1
pyelo-|1
loco|1
pian|1
rend|1
prim|4
schem|1
sphingo-|1
titano-|2
sexi-|2
hav|1
trict|1
-ous|5
plor|3
dep|1
dg|1
sect|3
-ward|4
gl|1
pros-|1
ant-|2
rheo-|1
hered|1
jov|1
expect|1
klept|1
melior|2
seem|1
heli-|2
pseudo-|3
numisma|1
oste-|1
sp|1
ferv|2
fronto-|1
phyllo-|2
voke|1
vas|2
-gate|1
annu|1
monit|1
arc|2
orb|3
delect|1
hyp-|1
opto|1
self-|1
cognit|1
dain|1
nam|1
silic|1
dyn|2
-wide|1
choic|1
nost|1
wil|1
pel|2
-work|1
brig|1
cras|1
erc|1
war|1
fatig|2
mancer|1
mont|1
-fy|4
nec|2
ovari|1
supre-|1
tr|1
trac|1
abs-|3
-ulent|2
nucleo-|1
claus|2
lamin|1
sorpt|1
ard|1
quit|2
hydroxy-|1
-ula|1
barg|1
bli|1
deuter|1
ornith|1
sanc|1
bacteri|1
cysto|1
graz|1
stigm|1
hyper-|4
-cy|3
echino-|1
plode|1
-y|9
tacho-|1
sept-|2
pair|2
bris|1
frai|1
vascul|1
-ina|2
bir|1
gnost|1
Graeco-|1
bulg|1
templ|1
typh|1
stitut|2
crani|1
quip|1
terr|4
brachy|1
ert|1
circ|3
-cle|2
pelvi-|1
olesc|2
comit|1
be-|6
curr|2
-id|5
-myces|1
-up|1
-rix|1
salub|1
ad-|5
tectono-|1
culmin|1
iden|1
mo|1
viti|1
publ|3
-odynia|1
caus|2
-sis|1
offic|1
alesc|2
cost|2
aesth|1
capill|1
fast|1
-apsis|1
ost|1
pheno-|1
tinu|1
-ado|3
ept|1
cutl|1
lapid|1
narco|1
-ia|6
-ably|2
corusc|1
pati|1
vade|1
divis|3
ly|2
-machy|1
cau|1
de|1
hab|2
avi-|1
thio-|1
intim|1
leis|1
ses|1
front|3
volv|3
laryngo-|1
altern|2
arche-|1
byss|1
-ility|1
med-|1
cens|2
god|1
saul|1
allo-|1
milit|2
chap|1
cumul|1
-ance|4
stor|2
gross|1
necro|1
thesis|1
logo-|1
croach|1
pand|2
erem|1
nucle|1
Ibero-|1
-aneous|2
fulm|1
myel|1
apt|3
veter|2
feto-|1
harm|1
sui|1
-alia|1
crypt-|1
-al|7
-oon|3
pi|2
-cracy|1
cyber-|1
-stomy|1
migra|1
fuse|1
exa-|1
histor|1
barb|1
lu|1
com|1
acido-|1
agro|1
get|1
pleo|1
tox|1
xantho|1
dit|3
prior|1
still|2
acantho-|1
rhabdo-|1
taeni-|1
chief|1
pri|2
blas|1
flex|1
techno|1
anthrop|2
flor|2
fecund|1
-istical|1
poul|1
vivi-|1
fluctu|1
hemer|1
-ancy|2
top|2
portat|1
stomat|1
uni|1
ero|1
law|1
valv|1
via|2
acer|1
ul|1
domin|3
clud|3
-iac|2
utero-|1
opi|2
fluv|1
pragm|1
maxim|1
oti|1
torr|2
amido-|1
auc|1
grad|3
lamino-|1
hors|1
-pexy|1
bouch|1
extra-|4
volat|1
-coccus|1
fort-|1
leas|1
plos|1
pir|3
domat|1
beac|1
cori|2
steato-|1
-word|1
max|2
-lithic|1
bine|1
-one|2
ax|1
nes|1
plet|3
sin|1
cerebro-|1
tropo-|1
siev|1
vituper|1
mega|1
nai|1
stup|2
-us|1
clear|1
gravat|1
stimul|1
balc|1
fab|2
laevo-|1
liver|1
pare|1
sk|1
-endo|1
-ive|4
trud|2
dum|1
paus|1
voic|1
maxi-|1
xeno-|1
don|3
equ|3
scen|3
onto|1
sylv|1
fructi-|1
-lepsis|1
glu|1
hapto-|1
jejuno-|1
org|2
cirro|1
spit|1
cra|1
litig|1
lyse|1
icon|2
apres-|1
-logue|1
now|1
cheilo-|1
gn|2
fare|2
dub|1
plete|1
-chroic|1
burl|1
vaccin|1
aster|3
tenu|2
hymeno-|1
strepto-|1
ris|2
orot|1
ovo|1
labor|2
narrat|1
clois|2
sec|3
ur|1
crastin|1
phlegma|1
tabul|1
xer|1
ostrac|1
fore-|3
aper|1
genit|1
nin|1
who|1
du-|2
hemo|1
rog|2
-centric|1
haut|1
rec|1
decem-|2
gamo-|1
bal|2
br|1
lum|1
costo-|1
acri|1
pers|1
pul|1
pneuma|1
-cephalic|1
chiro-|1
punct|2
uro-|2
dramat|1
archaeo-|1
arbit|1
brief|1
cale|1
cerpt|1
-ent|5
-core|1
proto-|3
spectro-|1
sporo-|1
bound|1
-igo|1
subter-|1
-ify|2
pharmaco-|1
kn|1
scal|1
hind|1
patr|2
-florous|1
-rrhoea|1
tephro-|1
crease|1
haem|1
pois|1
rop|1
rap|2
kypho-|1
omphalo-|1
xantho-|1
der|1
verm|1
fac|4
-stasis|1
contr|1
isl|1
zinco|1
auxo-|1
-metric|1
fulmin|1
gru|1
labi|1
lg|1
chorio-|1
-phyre|1
faul|1
malle|1
crimin|3
-grade|1
metho-|1
bio-|1
medico-|1
platino-|1
ali|2
sil|1
vil|2
tono-|1
-tude|2
vocat|1
spiro-|2
-ace|1
-ence|3
-fera|1
rang|2
ino-|1
-plasty|1
Sino-|1
poen|1
auri|1
fabul|1
-eer|4
hibit|3
contro-|1
ideo|1
ciner|1
turb|3
odonto-|1
jure|1
medit|1
si|1
ang|2
but|2
Romano-|1
citat|1
passi|1
ami|2
cus|2
irido-|1
nephro-|1
-otic|2
nurs|1
pne|1
spon|1
strif|1
cephal|2
calli|1
cervico-|1
deoxy-|1
-dendron|1
meg|1
vill|1
-cul|1
therap|1
sever|2
fluoro-|1
-therium|1
lag|1
-pnea|1
articul|2
gubern|3
viscer|2
-ides|1
-s'|1
dogm|1
rag|1
quant|3
ostens|1
scur|1
stov|1
-chronic|1
pancreato-|1
matur|2
glo|1
heter-|1
-monious|1
agro-|1
-worthy|1
polis|2
-arian,|1
fibr|1
hara|1
-tion|1
-thelium|1
-topia|1
bot|2
bucco-|1
-trope|1
ars|1
lapse|1
phe|1
prehend|3
ileo-|1
-rel|1
friger|2
accoutr|1
after-|1
sam|1
vest|2
vouch|1
carboxy-|1
glaci|1
axim|1
iatr|1
necr|1
urs|1
en-|6
ment|3
-zoic|1
cab|1
spin|1
launc|1
dign|2
-logy|2
-iatric|1
oo-|1
oro-|2
tect|2
tor|2
larg|1
pleth|1
saur|1
cit|4
pend|2
phyt|2
strat|2
crim|2
marit|1
cist|1
-d|1
ret|1
-acity|3
-mer|1
ank|1
nar|1
phot|1
infra-|2
laparo-|1
vago-|1
gnor|1
for-|1
brevi|1
fenc|1
gal|1
mast|1
rur|1
sangui|1
fest|2
mur|3
fascin|1
terra|1
wha|1
pert|1
archi-|1
-emia|1
ferr|1
fresc|1
pulver|1
alter|3
bl|1
eleg|1
medic|1
troph|2
-opsis|1
dan|1
meio-|1
varico-|1
nui|1
phyll|1
slo|1
phospho-|1
my|1
phem|3
van|4
algo-|1
-atic|3
ethno-|1
andr-|1
misce|1
Afro-|1
by-|3
pow|2
jeal|1
colo-|1
fat|3
pac|2
us|3
schisto-|1
viron|1
ident|2
logue|1
add|3
-inae|1
ound|1
-ar|5
macul|1
stant|2
Austro-|2
-pedia|1
pear|2
alb-|1
ora|1
trou|1
gyn|2
camera|1
cuss|2
vers|3
-clinic|1
-mony|2
acm|1
blem|1
cranio-|1
cosmet|1
lubric|1
slav|1
draw|2
audit |1
-erel|1
morb|1
plu|1
chiev|2
croc|1
but-|1
-most|3
penal|1
-escency|1
laund|1
mnemon|1
ranc|1
dromo-|1
antho-|1
vivi|1
spasmo-|1
electr|2
-cide|2
cred|2
amoeb|1
hos|1
-ially|1
jec|2
aur|1
mamm|2
ble|1
feath|1
ridi|1
oophoro-|1
step-|3
wav|1
dubi|2
util|2
arg|1
geni|1
-ibility|2
drif|1
visuo|1
vul|1
dur|2
septi-|3
fem|1
-osity|3
act|3
cata-|4
ec|1
plen|3
ratio|2
arterio|1
cad|3
cid|3
pit|3
elasto-|1
ghast|1
tachy|1
-fashion|1
-trix|2
cros|1
duce|1
-sh|1
Hiberno-|1
cern|3
nobl|1
stylo-|2
pollut|1
cir|1
elast|1
novem-|1
salv|1
virt|2
halo-|1
sta|1
tru|1
pung|2
stru|2
-sepalous|1
-stress|1
blea|1
tempo|1
turm|1
-ul-|2
vent|3
dactyl|1
var|3
lyso-|1
siphono-|1
thymo-|1
acou|1
aqua|1
rever|1
-clase|1
quil|1
deb|2
scato-|1
colis|1
reti|1
ap-|3
omin|2
orchido-|1
-sterol|1
fal|1
meri|1
cliv|3
cis-|1
gono-|1
hedon|1
joll|1
mem|1
sinic|1
fam|3
techno-|1
plasmo-|1
fram|1
mids-|1
ornitho|1
petro|1
snak|1
sue|1
cover|3
-head|1
-poiesis|1
sclero-|1
master|1
dupl|1
splen|1
-cule|2
-fest|1
fon|1
fan|3
duodeci-|1
ento-|2
phyto-|1
solid|1
anti-|4
mass|1
botryo-|1
broncho-|1
-grapher|1
vance|1
li|3
-lalia|1
pedi-|1
agor|1
exter-|1
fain|1
linqu|1
vale|1
palp|2
pil|2
soph|3
-morpha|1
tre|1
multi-|4
portion|2
cocci-|1
myco-|1
-valent|1
meas|2
bronch-|1
esoter|1
surge|1
gress|3
-ean|2
corpor|1
-oidal|1
prote-|1
stand|1
wit|1
lav|2
-thymia|1
nav|2
-lency|1
scis|1
soc|1
ucor|1
sero-|1
-ment|5
trit|2
oeno-|1
toler|1
math|1
titul|1
-um|2
-ista|1
hem|1
rhy|1
tind|1
giganto-|1
-kinin|1
spa|1
clus|3
sacchar|2
lamell|1
ec-|2
sol|7
arom|1
dibil|1
geronto|1
vail|1
se-|4
toxic|1
cine|1
coloss|1
lacer|1
minis|1
treas-|1
flagr|3
-ful|5
-parous|1
aeri|1
dermat|1
lear|1
err|2
lid|2
bryo-|1
-free|1
cil|1
franc|1
gynec|1
lite|1
-sion|1
im-|5
-opsia|1
hist-|1
ploit|1
cart|1
or|2
sess|2
esti|1
lust|1
dermato-|1
-mo|1
blasto|1
gamos|1
trude|1
burs|2
dextro-|1
-fic|3
prosopo-|1
opt|3
ven|4
-nap|1
seric-|1
psycho|1
radi|1
au|1
limit|2
-ino|1
nul|1
stal|1
vouc|1
seleno-|2
delir|1
patro|1
sanat|1
supr|1
-ole|2
pero-|1
-scope|1
discip|1
ago|1
-idity|1
ton|3
vig|2
broch|1
phu|1
arbor|2
crit|3
oc|1
photo-|1
iod|1
-ule|3
-ville|1
veg|2
chis|1
range|1
cosm|3
demono-|1
hetero-|4
omni-|4
tun|2
bran|1
mechan|1
lyo-|1
-phane|1
-herd|1
lega|1
ser|1
sys-|1
tra-|1
decim|2
-le|4
hap|1
trench|1
ann|3
anemo-|1
neg|2
academ|1
electro|1
glot|1
lact|1
cum|1
lev|2
vuls|2
speci|2
frequent|2
flori-|1
-lecithal|1
tachy-|1
chri|1
mammo|1
mund|1
tera|1
pur-|3
psilo-|1
ventriculo-|1
mom|1
zoo|1
-ation|5
-end|2
-or|6
dra|1
-flation|1
ilio-|1
sito-|1
fluc|1
moll|2
nebul|1
philo|1
pneumon|1
sap|2
basi-|1
soldier|1
-ept|1
fratern|1
ichno|1
-icle|1
telo|1
organ|2
aldo-|1
cyno-|1
-eroo|1
-gamy|1
ash|1
masc|1
ig|3
baro-|1
granulo-|1
diplo|1
neutr|1
stag|1
vok|2
mid-|2
xipho-|1
ban|2
phanero-|1
abl|1
bord|1
chalco-|1
vagino-|1
ifice|1
-acy|3
mis|2
proxim|3
glor|1
politico-|1
brach|1
oscill|1
rol|1
beat|1
cen|1
merch|1
stren|1
press|3
spec|4
klepto-|1
-speak|1
carb|2
ping|1
sence|1
fall|2
oner|2
-o|3
picro-|1
myth|1
arteri|1
antiqu|1
ingenu|1
prais|2
cili|1
pil-|1
-aemia|1
hypno-|1
copr|1
opistho-|1
des-|1
salu|1
tard|1
auto-|4
volut|2
argento-|1
-iginous|1
jun|1
uber|1
vag|2
-chaete|1
phaco-|1
crav|1
stinct|2
shad|1
lacto-|1
plumbo-|1
pneumo-|1
urano-|2
-esia|1
loy|1
ped|4
gymn|2
dole|1
stirain|1
grano-|1
-oid|2
crip|1
lucr|1
succ|1
estim|2
femin|1
-ies|1
scribe|1
wel-|1
gingivo-|1
-lepsy|2
bov|1
choos|1
vind|1
ir|1
numer|2
mind|2
astro|1
-cele|2
mus|2
umbr|2
glio-|1
cipit|1
hut|1
plani|1
tac|2
claim|2
chtys|1
aud|3
stat|3
noso-|1
mim|2
-man|2
reni-|1
toco-|1
-yer|1
nasc|3
electro-|1
-iest|1
pali|1
tain|3
lyt|1
purs|1
spongio-|1
leuc|1
prov|1
sculp|1
ag|3
grapho-|1
zoo-|1
orph|1
pel-|1
tur|1
brev|3
trus|2
cosmo-|1
-gen|1
gar|1
raz|1
reticul|1
zym|1
su|2
-uous|3
dodeca-|2
intra-|3
bib|1
camer|1
codi|1
dipl|1
-ison|1
fil|1
-phobia|1
vagr|1
-ing|9
helio-|1
cathar|1
dei|1
heur|1
fit|2
-globin|1
-malacia|1
du|1
meso|1
canon|1
plant|3
urb|3
telluro-|1
viginti-|1
ald|1
rus|2
zeal|1
rot|2
-ique|1
nigr|1
belli|1
blast|1
bre|1
thun|1
wal|1
web|1
-pithecus|1
scape|1
cort|1
congru|1
-some|6
veno-|1
gre|1
med|1
wip|1
script|3
spy|1
cor|2
nois|1
plast|1
magn|3
mol|2
onym|2
-phile|1
ology|1
latero-|1
proteo-|1
spe|1
gnatho-|1
-centesis|1
phyco-|1
-praxia|1
enn|3
ortho-|2
fir|1
neuro-|1
adv|1
cirl|1
tub|1
narc|2
-angium|1
-sophy|1
-tide|1
tag|2
isthm|1
socio|1
stige|1
ana-|4
pric|2
digit|1
judg|1
gran|2
prompt|1
leuco-|1
strain|2
deterior|1
-ere|1
nei|1
-ales|1
forg|1
hyster-|1
leav|1
commun|2
plagio-|1
noct|1
sten|1
-tropy|1
-woman|1
propri|1
-tastic|1
alit|2
bary|1
part|3
vel|2
viro-|1
oper|2
torp|2
opl|1
dot|2
Turco-|1
braz|1
rabor|1
scintill|1
tol|2
mytho-|1
syringo-|1
parson|1
portun|1
fatu|2
calli-|1
lys|2
mini|1
-something|1
brady|1
jug|2
pound|3
orig|2
heptadeca-|1
phen|1
qui|1
shel|1
-way|1
-meister|1
sialo-|1
eso-|1
postul|1
ministr|1
alb|1
state|1
sum-|1
steno-|1
corrig|1
hein|1
mune|1
set|1
abil|1
be|1
plore|1
-scopy|1
cruc|3
effic|1
postulat|1
raw|1
aesthet|2
onco-|1
chemo|1
lis|1
-ion|5
levi|1
stell|1
sulpho-|1
do-|1
gyr|1
naiv|1
custod|1
halit|1
plan|1
rhin|1
sat|3
-etic|3
sphygmo-|1
dow|2
sel|1
-itor|2
cyto|1
vali|1
venge|1
quinque-|1
recto-|1
-escence|1
-et|5
vice-|3
plaint|3
simil|3
ophthalmo-|1
paint|1
metallo-|1
hipp|1
stil|1
thrif|1
-acal|1
blanc|1
drom|1
fratr|1
pleg|1
tal|1
rod|2
temp|1
stercor-|1
blu|1
fev|1
pess|1
ware|1
alumino-|1
hendeca-|2
-ability|2
veh|2
capr|1
plaus|2
sult|2
-urnal|1
lati|1
latr|1
-phagia|1
augur|1
element|1
od|3
plag|1
puls|2
centri-|1
cop|1
schis|1
gram|3
myri|1
commod|3
-rrhagia|1
card|2
mezz|1
de-|6
ethno|1
cancer|1
ecu|1
bridg|1
cath|1
chara|1
sider|2
sim|2
writ|1
-tropism|1
agi|1
matern|1
hier|1
sequ|3
-san|1
phan|3
voc|2
gymno-|1
nak|1
-ennium|1
ultima|1
-er|9
-gram|1
terest|1
tw|1
usu|1
-wright|1
apico-|1
benzo-|1
litho-|1
axi|1
coup|2
pot|3
-tene|1
late|1
lov|1
phy|1
plent|1
sulph|1
tea|1
ab-|5
barr|2
hernio-|1
spondylo-|1
nox|2
lanc|1
phor|2
amor|2
fas|1
garr|1
-atory|4
extro-|2
aval|1
pute|1
strept|1
cry|2
duodeno-|1
dont|1
-ification|1
tens|3
teno-|1
honest|1
-ee|3
gastro-|1
hidro-|1
papulo-|1
ray|1
atroc|1
stry|1
suas|1
bene-|4
-ock|2
tetra-|3
-astic|1
indi-|1
bull|1
-ergic|1
-cel|1
fum|1
-coel|1
exo-|4
serf|2
ceive|1
gath|1
tract|3
Scoto-|1
amble|1
bev|1
dips|1
-sonde|1
nunc|3
aero-|1
class|1
-ator|2
am-|1
badin|1
chok|1
crud|1
striv|1
chol|2
-eous|3
greg|2
tric|2
-bot|1
tetr-|1
rotund|1
-sect|1
flour|1
lak|1
-pnoea|1
angul|1
lac|1
tang|3
stetho|1
-uble|1
cyclo-|1
Finno-|1
nano-|1
theo-|1
shar|1
av|2
point|2
tax|2
-arious|2
Slavo-|1
bed|1
hyl-|1
vit|4
ceed|3
gree|2
-ast|3
-drome|1
nuci-|1
caten|1
dec|1
extern-|1
poten|1
-ization|2
laud|1
disco-|1
light|1
anct|1
audi|1
carcer|1
custom|1
-geusia|1
cardi|1
crsc|1
didact|2
test|2
sauro-|1
tibio-|1
habit|2
oro|1
morpho-|1
mor|4
axo-|1
-derm|1
myxo-|1
-phasia|1
archeo|1
enter-|1
-atile|1
azo-|1
hale|1
thr|1
ces|1
cide|1
-metry|1
metry|1
dom|3
vor|2
bapt|1
septem-|1
spor|2
estiv|1
scue|1
-ine|8
brachy-|1
-rrhaphy|1
-ad|3
-ise|5
helico-|1
avi|1
hund|1
stan|1
lat|4
carcino-|1
-sperm|1
-teria|1
-air|1
drome|1
intr|1
rab|1
ves|1
cert|4
em-|4
amino-|1
lamelli-|1
physio-|1
obsolesc|1
naiss|2
cer|1
culc|1
fel|1
queu|1
quint-|1
ced|4
dens|2
vi|3
hypso-|2
-ome|1
-erly|1
zon|1
hal|1
suad|2
dendro-|1
deutero-|1
nomi|1
cip|4
lof|1
hepta-|3
hystero-|1
manu|2
sarco|1
germ|2
idio-|2
imag|3
amylo-|1
-blast|1
somni-|2
-arium|4
talo-|1
ques|1
carn|3
-ative|3
carpo|1
aut|1
pub|1
gloss|2
hex|1
xiph|1
-ary|7
-itive|3
hedr|1
hyet-|1
foc|2
physico-|1
gamb|1
logy|1
clav|2
cond|2
amnio-|1
-stome|1
vicis|1
gorg|3
not|3
ech|1
gla|1
im|1
circum-|4
-ious|3
-ati|1
nulli-|1
thanato-|1
entom|1
nephr-|1
proach|3
re-|6
cancr|1
galacto-|1
leio-|1
nigro-|1
yester-|1
peri|2
ut|2
suade|1
lympho-|1
arct|1
cell|1
ennea-|2
garn|1
groc|1
latry|1
nown|1
rrhag|1
-aster|2
chal|1
melan|1
affect|1
wast|2
palaeo-|1
tech|1
tig|2
peer|1
adelph|1
chann|1
-icity|1
deca-|3
plain|2
lim|2

work|1
to|1
arti-|1
prent|1
new|1
stroke|1
stroll|1

go*|1